<?xml version="1.0" encoding="UTF-8"?>
<web-app version="3.1" xmlns="http://xmlns.jcp.org/xml/ns/javaee" xmlns:xsi="http://www.w3.org/2001/XMLSchema-instance" xsi:schemaLocation="http://xmlns.jcp.org/xml/ns/javaee http://xmlns.jcp.org/xml/ns/javaee/web-app_3_1.xsd">
    <servlet>
        <servlet-name>AutoresController</servlet-name>
        <servlet-class>Controller.AutoresController</servlet-class>
    </servlet>
    <servlet>
        <servlet-name>Autores_librosController</servlet-name>
        <servlet-class>Controller.Autores_librosController</servlet-class>
    </servlet>
    <servlet>
        <servlet-name>EditorialesController</servlet-name>
        <servlet-class>Controller.EditorialesController</servlet-class>
    </servlet>
    <servlet>
        <servlet-name>GenerosController</servlet-name>
        <servlet-class>Controller.GenerosController</servlet-class>
    </servlet>
    <servlet>
        <servlet-name>InventariosController</servlet-name>
        <servlet-class>Controller.InventariosController</servlet-class>
    </servlet>
    <servlet>
        <servlet-name>LibrosController</servlet-name>
        <servlet-class>Controller.LibrosController</servlet-class>
    </servlet>
    <servlet>
        <servlet-name>ProveedoresController</servlet-name>
        <servlet-class>Controller.ProveedoresController</servlet-class>
    </servlet>
    <servlet>
        <servlet-name>UsuarioController</servlet-name>
        <servlet-class>Controller.UsuarioController</servlet-class>
    </servlet>
    <servlet-mapping>
        <servlet-name>AutoresController</servlet-name>
        <url-pattern>/autores</url-pattern>
    </servlet-mapping>
    <servlet-mapping>
        <servlet-name>Autores_librosController</servlet-name>
        <url-pattern>/controller</url-pattern>
    </servlet-mapping>
    <servlet-mapping>
        <servlet-name>EditorialesController</servlet-name>
        <url-pattern>/editoriales</url-pattern>
    </servlet-mapping>
    <servlet-mapping>
        <servlet-name>GenerosController</servlet-name>
        <url-pattern>/generos</url-pattern>
    </servlet-mapping>
    <servlet-mapping>
        <servlet-name>InventariosController</servlet-name>
        <url-pattern>/inventarios</url-pattern>
    </servlet-mapping>
    <servlet-mapping>
        <servlet-name>LibrosController</servlet-name>
        <url-pattern>/libros</url-pattern>
    </servlet-mapping>
    <servlet-mapping>
        <servlet-name>ProveedoresController</servlet-name>
        <url-pattern>/proveedores</url-pattern>
    </servlet-mapping>
    <servlet-mapping>
        <servlet-name>UsuarioController</servlet-name>
        <url-pattern>/usuarios</url-pattern>
    </servlet-mapping>
    <session-config>
        <session-timeout>
            30
        </session-timeout>
    </session-config>
</web-app>
